{"cameraMode":{"drawMode":0,"name":"Shaded","section":"Shading Mode"},"sceneLighting":true,"audioPlay":false,"sceneViewState":{"showFog":false,"showMaterialUpdate":false,"showSkybox":false,"showFlares":true,"showImageEffects":true,"showParticleSystems":true},"in2DMode":false,"pivot":{"x":1.3067132234573365,"y":1.8458791971206666,"z":3.3315534591674806},"rotation":{"x":-0.24546842277050019,"y":-0.28504952788352969,"z":0.07577153295278549,"w":-0.9234450459480286},"size":25.463680267333986,"orthographic":true}