{"cameraMode":{"drawMode":0,"name":"Shaded","section":"Shading Mode"},"sceneLighting":true,"audioPlay":false,"sceneViewState":{"showFog":false,"showMaterialUpdate":false,"showSkybox":false,"showFlares":true,"showImageEffects":true,"showParticleSystems":true},"in2DMode":false,"pivot":{"x":-2.0568695068359377,"y":1.7021665573120118,"z":1.4407215118408204},"rotation":{"x":0.07878723740577698,"y":0.3843230605125427,"z":-0.03293990716338158,"w":0.9192406535148621},"size":42.0654411315918,"orthographic":false}