{"cameraMode":{"drawMode":0,"name":"Shaded","section":"Shading Mode"},"sceneLighting":false,"audioPlay":false,"sceneViewState":{"showFog":false,"showMaterialUpdate":false,"showSkybox":false,"showFlares":true,"showImageEffects":true,"showParticleSystems":true},"in2DMode":false,"pivot":{"x":-3.0001187324523927,"y":2.0336077213287355,"z":0.06997466087341309},"rotation":{"x":0.03500800207257271,"y":0.9466180801391602,"z":-0.11012036353349686,"w":0.3009354770183563},"size":6.801748752593994,"orthographic":false}