{"cameraMode":{"drawMode":0,"name":"Shaded","section":"Shading Mode"},"sceneLighting":false,"audioPlay":false,"sceneViewState":{"showFog":false,"showMaterialUpdate":false,"showSkybox":false,"showFlares":true,"showImageEffects":true,"showParticleSystems":true},"in2DMode":false,"pivot":{"x":2.7159762382507326,"y":1.9788388013839722,"z":0.6175498962402344},"rotation":{"x":-0.09100937098264694,"y":-0.9088176488876343,"z":0.278454065322876,"w":-0.2970374822616577},"size":7.075313568115234,"orthographic":true}